ADDR_PT_ID,X,Y,POINT_TYPE,ADDRESS_ID,ADDR_NUM,STREETNAME,REL_LOC,SITE_NAME,BUILDING,FLOOR,UNIT,OTHER_LOC,SUBSITE,ZIPCODE,NEIGHBORHD,COMMUNITY,TOWN,STATE,NUM1_PFX,NUM1,NUM1_TXT,NUM1_SFX,NUM2_PFX,NUM2,NUM2_TXT,NUM2_SFX,PRE_MOD,PRE_DIR,PRE_TYPE,BASE,POST_TYPE,USPS_TYPE,POST_DIR,POST_MOD,STRNAME_ID,SITENM_ID,COMM_ID,ADDRTWN_ID,GEOTOWN_ID,EDIT_DATE,latitude,longitude,census_tract
M_38878_872818,38878.05980000,872818.43580000,BC,4189541,12,PLANTAIN POND ROAD,,,,,,,,01258,,MOUNT WASHINGTON,MOUNT WASHINGTON,MA,,12,12,,,,,,,,,PLANTAIN POND,ROAD,RD,,,26418,,212,195,195,2015-01-21,-73.44768223336469,42.08921811717307,934300
M_37581_876743,37580.74140000,876743.10660000,BC,4189519,45,EAST STREET,,,,,,,,01258,,MOUNT WASHINGTON,MOUNT WASHINGTON,MA,,45,45,,,,,,,,,EAST,STREET,ST,,,26402,,212,195,195,2015-01-20,-73.46445147454217,42.12427560745976,934300
M_35565_878135,35564.63600000,878134.77600000,PC,4189516,24,WEST STREET,,,,,,,,01258,,MOUNT WASHINGTON,MOUNT WASHINGTON,MA,,24,24,,,,,,,,,WEST,STREET,ST,,,26422,,212,195,195,2015-01-20,-73.4892198450232,42.136381040989086,934300
M_37142_871477,37141.53940000,871477.30340000,BC,675567,179,EAST STREET,,,,,,,,01258,,MOUNT WASHINGTON,MOUNT WASHINGTON,MA,,179,179,,,,,,,,,EAST,STREET,ST,,,26402,,212,195,195,2013-12-10,-73.46829227185525,42.07678791149851,934300
M_37197_869714,37196.98700000,869714.29060000,BC,4189547,205,EAST STREET,,,,,,,,01258,,MOUNT WASHINGTON,MOUNT WASHINGTON,MA,,205,205,,,,,,,,,EAST,STREET,ST,,,26402,,212,195,195,2015-01-21,-73.46713105745926,42.0609308015985,934300
M_37476_876614,37475.63520000,876613.75940000,BC,675522,47,EAST STREET,,,,,,,,01258,,MOUNT WASHINGTON,MOUNT WASHINGTON,MA,,47,47,,,,,,,,,EAST,STREET,ST,,,26402,,212,195,195,2015-01-20,-73.46568623097181,42.12308958126201,934300
M_37530_873429,37529.86320000,873428.64180000,BC,675640,61,WEST STREET,,,,,,,,01258,,MOUNT WASHINGTON,MOUNT WASHINGTON,MA,,61,61,,,,,,,,,WEST,STREET,ST,,,26422,,212,195,195,2015-01-21,-73.4641436615387,42.094432180567324,934300
M_37197_871164,37197.11140000,871163.73800000,BMP,675632,181,EAST STREET,,,,,,,,01258,,MOUNT WASHINGTON,MOUNT WASHINGTON,MA,,181,181,,,,,,,,,EAST,STREET,ST,,,26402,,212,195,195,2013-12-10,-73.46753346960627,42.07397709930961,934300
M_37296_873550,37295.96500000,873549.75400000,BMP,675648,114,WEST STREET,,,,,,,,01258,,MOUNT WASHINGTON,MOUNT WASHINGTON,MA,,114,114,,,,,,,,,WEST,STREET,ST,,,26422,,212,195,195,2015-01-20,-73.46700407474357,42.09547376786626,934300
M_37418_872053,37418.17260000,872053.01460000,BMP,675631,167,EAST STREET,,,,,,,,01258,,MOUNT WASHINGTON,MOUNT WASHINGTON,MA,,167,167,,,,,,,,,EAST,STREET,ST,,,26402,,212,195,195,2015-01-21,-73.46511036729295,42.08202722083243,934300
M_37790_871760,37789.91260000,871760.10940000,BC,675588,164,EAST STREET,,,,,,,,01258,,MOUNT WASHINGTON,MOUNT WASHINGTON,MA,,164,164,,,,,,,,,EAST,STREET,ST,,,26402,,212,195,195,2015-01-21,-73.46053740697833,42.079467834863266,934300
M_35547_878167,35546.87240000,878167.48760000,PC,4189517,26,WEST STREET,,,,,,,,01258,,MOUNT WASHINGTON,MOUNT WASHINGTON,MA,,26,26,,,,,,,,,WEST,STREET,ST,,,26422,,212,195,195,2015-01-20,-73.48944388638476,42.13667173915781,934300
M_37519_876811,37519.10960000,876811.19620000,BC,675657,43,EAST STREET,,,,,,,,01258,,MOUNT WASHINGTON,MOUNT WASHINGTON,MA,,43,43,,,,,,,,,EAST,STREET,ST,,,26402,,212,195,195,2015-01-20,-73.4652156148057,42.12487568692153,934300
M_38497_875452,38496.71580000,875452.44480000,BC,675501,88,EAST STREET,,,,,,,,01258,,MOUNT WASHINGTON,MOUNT WASHINGTON,MA,,88,88,,,,,,,,,EAST,STREET,ST,,,26402,,212,195,195,2015-01-21,-73.45301933090961,42.11284795999675,934300
M_35754_877906,35764.74970000,877885.32510000,BC,675512,16,WEST STREET,,,,,,,,01258,,MOUNT WASHINGTON,MOUNT WASHINGTON,MA,,16,16,,,,,,,,,WEST,STREET,ST,,,26422,,212,195,195,2015-01-20,-73.48672961504664,42.134177790220704,934300
M_38173_872735,38172.84980000,872734.54080000,BMP,675489,14,PLANTAIN POND ROAD,,,,,,,,01258,,MOUNT WASHINGTON,MOUNT WASHINGTON,MA,,14,14,,,,,,,,,PLANTAIN POND,ROAD,RD,,,26418,,212,195,195,2015-01-21,-73.45618075118082,42.08831770624237,934300
M_37750_876388,37750.39760000,876387.62060000,BMP,675598,55,EAST STREET,,,,,,,,01258,,MOUNT WASHINGTON,MOUNT WASHINGTON,MA,,55,55,,,,,,,,,EAST,STREET,ST,,,26402,,212,195,195,2013-12-10,-73.46230131925506,42.12111110610152,934300
M_37378_871020,37378.44440000,871019.88200000,BC,675566,176,EAST STREET,,,,,,,,01258,,MOUNT WASHINGTON,MOUNT WASHINGTON,MA,,176,176,,,,,,,,,EAST,STREET,ST,,,26402,,212,195,195,2013-12-10,-73.46530271796858,42.07271990679645,934300
M_37195_872251,37194.59700000,872250.86760000,BMP,675505,0,WHITBECK ROAD,,,,,,,,01258,,MOUNT WASHINGTON,MOUNT WASHINGTON,MA,,0,0,,,,,,,,,WHITBECK,ROAD,RD,,,26424,,212,195,195,2013-12-10,-73.46786690814042,42.08376166134141,934300
M_37378_871020,37378.44440000,871019.88200000,BC,675590,176A,EAST STREET,,,,,,,,01258,,MOUNT WASHINGTON,MOUNT WASHINGTON,MA,,176,176,A,,,,,,,,EAST,STREET,ST,,,26402,,212,195,195,2014-11-21,-73.46530271796858,42.07271990679645,934300
M_37195_872251,37194.59700000,872250.86760000,BMP,675552,5,WHITBECK ROAD,,,,,,,,01258,,MOUNT WASHINGTON,MOUNT WASHINGTON,MA,,5,5,,,,,,,,,WHITBECK,ROAD,RD,,,26424,,212,195,195,2015-01-21,-73.46786690814042,42.08376166134141,934300
M_35586_878098,35606.05870000,878093.69670000,ABC,4189514,20,WEST STREET,,,,,,,,01258,,MOUNT WASHINGTON,MOUNT WASHINGTON,MA,,20,20,,,,,,,,,WEST,STREET,ST,,,26422,,212,195,195,2015-01-20,-73.48870734041581,42.136019993309084,934300
M_35586_878098,35606.05870000,878093.69670000,ABC,4189515,22,WEST STREET,,,,,,,,01258,,MOUNT WASHINGTON,MOUNT WASHINGTON,MA,,22,22,,,,,,,,,WEST,STREET,ST,,,26422,,212,195,195,2016-05-11,-73.48870734041581,42.136019993309084,934300
M_37891_875748,37891.09120000,875748.49280000,BMP,4189543,1,MOUNTAIN ROAD,,,,,,,,01258,,MOUNT WASHINGTON,MOUNT WASHINGTON,MA,,1,1,,,,,,,,,MOUNTAIN,ROAD,RD,,,26412,,212,195,195,2015-01-21,-73.46042269382757,42.11538756376678,934300
M_36948_875930,36948.13780000,875929.61980000,BMP,4189523,23,WEST STREET,,,,,,,,01258,,MOUNT WASHINGTON,MOUNT WASHINGTON,MA,,23,23,,,,,,,,,WEST,STREET,ST,,,26422,,212,195,195,2015-01-20,-73.47187263824304,42.11682217651571,934300
M_36691_875198,36690.72480000,875198.10020000,BC,4189524,66A,WEST STREET,,,,,,,,01258,,MOUNT WASHINGTON,MOUNT WASHINGTON,MA,,66,66,A,,,,,,,,WEST,STREET,ST,,,26422,,212,195,195,2015-01-20,-73.47477977679989,42.11018431364135,934300
M_36637_875557,36637.46960000,875556.81940000,BMP,675617,60,WEST STREET,,,,,,,,01258,,MOUNT WASHINGTON,MOUNT WASHINGTON,MA,,60,60,,,,,,,,,WEST,STREET,ST,,,26422,,212,195,195,2015-01-20,-73.4755239701305,42.11340196582161,934300
M_38303_873029,38303.26380000,873028.64620000,BC,675559,142,EAST STREET,,,,,,,,01258,,MOUNT WASHINGTON,MOUNT WASHINGTON,MA,,142,142,,,,,,,,,EAST,STREET,ST,,,26402,,212,195,195,2015-01-21,-73.45468630525428,42.09099182318162,934300
M_36691_875198,36690.72480000,875198.10020000,BC,675560,0,BASH BISH FALLS ROAD,,,,,,,,01258,,MOUNT WASHINGTON,MOUNT WASHINGTON,MA,,0,0,,,,,,,,,BASH BISH FALLS,ROAD,RD,,,26400,,212,195,195,2013-12-10,-73.47477977679989,42.11018431364135,934300
M_37489_871965,37488.92000000,871965.21380000,BMP,675494,169,EAST STREET,,,,,,,,01258,,MOUNT WASHINGTON,MOUNT WASHINGTON,MA,,169,169,,,,,,,,,EAST,STREET,ST,,,26402,,212,195,195,2013-12-10,-73.46423111853099,42.081251609216615,934300
M_37131_872340,37130.91740000,872339.96880000,PC,675620,7,WHITBECK ROAD,,,,,,,,01258,,MOUNT WASHINGTON,MOUNT WASHINGTON,MA,,7,7,,,,,,,,,WHITBECK,ROAD,RD,,,26424,,212,195,195,2015-01-21,-73.46866119787954,42.08455041802513,934300
M_38937_873178,38937.43840000,873177.95640000,BMP,675546,17,PLANTAIN POND ROAD,,,,,,,,01258,,MOUNT WASHINGTON,MOUNT WASHINGTON,MA,,17,17,,,,,,,,,PLANTAIN POND,ROAD,RD,,,26418,,212,195,195,2015-01-21,-73.44706388831474,42.09246632263044,934300
M_37896_871983,37896.38220000,871982.90380000,BC,4189537,3,GARRETT FARMS ROAD,,,,,,,,01258,,MOUNT WASHINGTON,MOUNT WASHINGTON,MA,,3,3,,,,,,,,,GARRETT FARMS,ROAD,RD,,,26406,,212,195,195,2015-01-21,-73.45931286901335,42.081495200357864,934300
M_38343_875752,38342.94500000,875751.68760000,BMP,675600,75,EAST STREET,,,,,,,,01258,,MOUNT WASHINGTON,MOUNT WASHINGTON,MA,,75,75,,,,,,,,,EAST,STREET,ST,,,26402,,212,195,195,2015-01-21,-73.45496111678492,42.115509681978175,934300
M_37210_874317,37210.45240000,874316.56440000,BMP,675606,100,WEST STREET,,,,,,,,01258,,MOUNT WASHINGTON,MOUNT WASHINGTON,MA,,100,100,,,,,,,,,WEST,STREET,ST,,,26422,,212,195,195,2015-01-20,-73.46825138892329,42.102357931101416,934300
M_38279_874011,38279.01300000,874011.03880000,BC,675540,135,EAST STREET,,,,,,,,01258,,MOUNT WASHINGTON,MOUNT WASHINGTON,MA,,135,135,,,,,,,,,EAST,STREET,ST,,,26402,,212,195,195,2015-01-21,-73.4552515422617,42.09982919201859,934300
M_37126_869447,37126.18840000,869447.06620000,BMP,675495,215,EAST STREET,,,,,,,,01258,,MOUNT WASHINGTON,MOUNT WASHINGTON,MA,,215,215,,,,,,,,,EAST,STREET,ST,,,26402,,212,195,195,2013-12-10,-73.46791172452345,42.05851084803965,934300
M_37021_872024,37021.30500000,872024.37720000,BC,675548,175,EAST STREET,,,,,,,,01258,,MOUNT WASHINGTON,MOUNT WASHINGTON,MA,,175,175,,,,,,,,,EAST,STREET,ST,,,26402,,212,195,195,2015-01-21,-73.46989757047552,42.08168704773205,934300
M_36296_874464,36296.17460000,874463.88060000,BC,4189531,80,CLUB GROUNDS ROAD,,,,,,,,01258,,MOUNT WASHINGTON,MOUNT WASHINGTON,MA,,80,80,,,,,,,,,CLUB GROUNDS,ROAD,RD,,,183003,,212,195,195,2015-01-20,-73.47934308249377,42.10349343160371,934300
M_37947_876832,37946.52940000,876832.47140000,BC,675658,50,EAST STREET,,,,,,,,01258,,MOUNT WASHINGTON,MOUNT WASHINGTON,MA,,50,50,,,,,,,,,EAST,STREET,ST,,,26402,,212,195,195,2015-01-21,-73.46005368224887,42.125155717286034,934300
M_38401_874421,38401.42920000,874420.59780000,BMP,675649,125,EAST STREET,,,,,,,,01258,,MOUNT WASHINGTON,MOUNT WASHINGTON,MA,,125,125,,,,,,,,,EAST,STREET,ST,,,26402,,212,195,195,2015-01-21,-73.45388542324577,42.10354082338685,934300
M_36068_877899,36068.45540000,877898.64180000,BMP,675562,1,WEST STREET,,,,,,,,01258,,MOUNT WASHINGTON,MOUNT WASHINGTON,MA,,1,1,,,,,,,,,WEST,STREET,ST,,,26422,,212,195,195,2013-12-10,-73.48306080145541,42.13436127377941,934300
M_37909_871840,37909.47080000,871839.68000000,BMP,675609,7,GARRETT FARMS ROAD,,,,,,,,01258,,MOUNT WASHINGTON,MOUNT WASHINGTON,MA,,7,7,,,,,,,,,GARRETT FARMS,ROAD,RD,,,26406,,212,195,195,2015-01-21,-73.45911497142822,42.08020876913141,934300
M_36427_874387,36426.75900000,874387.47240000,BC,4189533,74,CLUB GROUNDS ROAD,,,,,,,,01258,,MOUNT WASHINGTON,MOUNT WASHINGTON,MA,,74,74,,,,,,,,,CLUB GROUNDS,ROAD,RD,,,183003,,212,195,195,2015-01-20,-73.47774333514546,42.10283296651181,934300
M_36039_877822,36039.40520000,877822.43720000,BC,675531,8,WEST STREET,,,,,,,,01258,,MOUNT WASHINGTON,MOUNT WASHINGTON,MA,,8,8,,,,,,,,,WEST,STREET,ST,,,26422,,212,195,195,2015-01-20,-73.48339066002414,42.133669295837215,934300
M_38314_872967,38313.52120000,872967.39300000,BC,675541,144,EAST STREET,,,,,,,,01258,,MOUNT WASHINGTON,MOUNT WASHINGTON,MA,,144,144,,,,,,,,,EAST,STREET,ST,,,26402,,212,195,195,2015-01-21,-73.45454538642997,42.09044260770556,934300
M_37552_872767,37552.23640000,872767.44140000,BC,4189549,134A,WEST STREET,,,,,,,,01258,,MOUNT WASHINGTON,MOUNT WASHINGTON,MA,,134,134,A,,,,,,,,WEST,STREET,ST,,,26422,,212,195,195,2015-01-21,-73.46368928919986,42.08848546061345,934300
M_36750_875713,36749.71400000,875712.83320000,BMP,675611,25,WEST STREET,,,,,,,,01258,,MOUNT WASHINGTON,MOUNT WASHINGTON,MA,,25,25,,,,,,,,,WEST,STREET,ST,,,26422,,212,195,195,2015-01-20,-73.47421075623545,42.11482960738431,934300
M_38314_872967,38313.52120000,872967.39300000,BC,675565,140,EAST STREET,,,,,,,,01258,,MOUNT WASHINGTON,MOUNT WASHINGTON,MA,,140,140,,,,,,,,,EAST,STREET,ST,,,26402,,212,195,195,2015-01-21,-73.45454538642997,42.09044260770556,934300
M_37084_873960,37084.37060000,873959.98660000,BMP,675647,102,WEST STREET,,,,,,,,01258,,MOUNT WASHINGTON,MOUNT WASHINGTON,MA,,102,102,,,,,,,,,WEST,STREET,ST,,,26422,,212,195,195,2013-12-10,-73.4696757337051,42.099122239725155,934300
M_35631_878447,35630.85880000,878447.38740000,BMP,675619,7,WEST STREET,,,,,,,,01258,,MOUNT WASHINGTON,MOUNT WASHINGTON,MA,,7,7,,,,,,,,,WEST,STREET,ST,,,26422,,212,195,195,2015-01-20,-73.48850716780065,42.13920866775498,934300
M_38645_873795,38644.83120000,873795.43700000,BC,675661,9,PLANTAIN POND ROAD,,,,,,,,01258,,MOUNT WASHINGTON,MOUNT WASHINGTON,MA,,9,9,,,,,,,,,PLANTAIN POND,ROAD,RD,,,26418,,212,195,195,2015-01-21,-73.45077063672875,42.097963996724175,934300
M_37750_876494,37749.64040000,876494.24440000,BC,675637,51,EAST STREET,,,,,,,,01258,,MOUNT WASHINGTON,MOUNT WASHINGTON,MA,,51,51,,,,,,,,,EAST,STREET,ST,,,26402,,212,195,195,2013-12-10,-73.4623401361768,42.1220706489701,934300
M_36546_874500,36545.89380000,874499.52460000,BC,4189532,72,CLUB GROUNDS ROAD,,,,,,,,01258,,MOUNT WASHINGTON,MOUNT WASHINGTON,MA,,72,72,,,,,,,,,CLUB GROUNDS,ROAD,RD,,,183003,,212,195,195,2015-01-20,-73.47633479276364,42.10386638385741,934300
M_36332_874092,36332.49920000,874092.31340000,PC,4189534,76,CLUB GROUNDS ROAD,,,,,,,,01258,,MOUNT WASHINGTON,MOUNT WASHINGTON,MA,,76,76,,,,,,,,,CLUB GROUNDS,ROAD,RD,,,183003,,212,195,195,2015-01-20,-73.4787998328186,42.10015662166091,934300
M_36117_879902,36117.07380000,879901.55220000,BC,4189510,7,EAST STREET,,,,,,,,01258,,MOUNT WASHINGTON,MOUNT WASHINGTON,MA,,7,7,,,,,,,,,EAST,STREET,ST,,,26402,,212,195,195,2015-01-20,-73.48303607704601,42.15239908694395,934300
M_38674_875120,38673.88980000,875119.69020000,BMP,675624,100,EAST STREET,,,,,,,,01258,,MOUNT WASHINGTON,MOUNT WASHINGTON,MA,,100,100,,,,,,,,,EAST,STREET,ST,,,26402,,212,195,195,2015-01-21,-73.45078554289442,42.10988938843566,934300
M_37500_874140,37499.50300000,874140.34560000,BC,675589,17,CROSS ROAD,,,,,,,,01258,,MOUNT WASHINGTON,MOUNT WASHINGTON,MA,,17,17,,,,,,,,,CROSS,ROAD,RD,,,26401,,212,195,195,2015-01-21,-73.46470871297024,42.100831809738295,934300
M_36532_876149,36532.34160000,876149.19580000,BC,675526,50,WEST STREET,,,,,,,,01258,,MOUNT WASHINGTON,MOUNT WASHINGTON,MA,,50,50,,,,,,,,,WEST,STREET,ST,,,26422,,212,195,195,2015-01-20,-73.47696081990212,42.118711885305025,934300
M_37451_873932,37450.71120000,873931.51340000,BMP,675553,51,WEST STREET,,,,,,,,01258,,MOUNT WASHINGTON,MOUNT WASHINGTON,MA,,51,51,,,,,,,,,WEST,STREET,ST,,,26422,,212,195,195,2015-11-16,-73.46524025687638,42.098942028899955,934300
M_38626_875161,38626.20240000,875160.56720000,BC,4189542,109,EAST STREET,,,,,,,,01258,,MOUNT WASHINGTON,MOUNT WASHINGTON,MA,,109,109,,,,,,,,,EAST,STREET,ST,,,26402,,212,195,195,2015-01-21,-73.45137329299345,42.110247496015496,934300
M_36928_871652,36928.16060000,871651.81240000,BC,675610,177,EAST STREET,,,,,,,,01258,,MOUNT WASHINGTON,MOUNT WASHINGTON,MA,,177,177,,,,,,,,,EAST,STREET,ST,,,26402,,212,195,195,2015-01-21,-73.4709189569349,42.0783142823131,934300
M_37440_873825,37439.52360000,873824.53740000,BMP,675616,53,WEST STREET,,,,,,,,01258,,MOUNT WASHINGTON,MOUNT WASHINGTON,MA,,53,53,,,,,,,,,WEST,STREET,ST,,,26422,,212,195,195,2015-01-21,-73.4653456729525,42.09797683604523,934300
M_37023_874739,37023.11660000,874739.05500000,BC,675580,90,WEST STREET,,,,,,,,01258,,MOUNT WASHINGTON,MOUNT WASHINGTON,MA,,90,90,,,,,,,,,WEST,STREET,ST,,,26422,,212,195,195,2015-01-20,-73.47063361506066,42.10612174789597,934300
M_37433_877087,37433.31480000,877086.84620000,BMP,4189521,34,EAST STREET,,,,,,,,01258,,MOUNT WASHINGTON,MOUNT WASHINGTON,MA,,34,34,,,,,,,,,EAST,STREET,ST,,,26402,,212,195,195,2015-01-20,-73.46632978546846,42.1273389538083,934300
M_38471_873681,38471.36640000,873680.83720000,BC,675591,2,PLANTAIN POND ROAD,,,,,,,,01258,,MOUNT WASHINGTON,MOUNT WASHINGTON,MA,,2,2,,,,,,,,,PLANTAIN POND,ROAD,RD,,,26418,,212,195,195,2013-12-10,-73.4528353641554,42.09689676631625,934300
M_37515_871720,37515.11680000,871720.24660000,BC,675652,168,EAST STREET,,,,,,,,01258,,MOUNT WASHINGTON,MOUNT WASHINGTON,MA,,168,168,,,,,,,,,EAST,STREET,ST,,,26402,,212,195,195,2015-01-21,-73.463846437775,42.0790521261838,934300
M_37433_877087,37433.31480000,877086.84620000,BMP,675568,30,EAST STREET,,,,,,,,01258,,MOUNT WASHINGTON,MOUNT WASHINGTON,MA,,30,30,,,,,,,,,EAST,STREET,ST,,,26402,,212,195,195,2015-01-20,-73.46632978546846,42.1273389538083,934300
M_36688_875364,36688.33680000,875363.57900000,BC,675618,64,WEST STREET,,,,,,,,01258,,MOUNT WASHINGTON,MOUNT WASHINGTON,MA,,64,64,,,,,,,,,WEST,STREET,ST,,,26422,,212,195,195,2015-01-20,-73.47485496394026,42.111673255130896,934300
M_37626_875755,37625.99860000,875754.94780000,BC,675597,5,MOUNTAIN ROAD,,,,,,,,01258,,MOUNT WASHINGTON,MOUNT WASHINGTON,MA,,5,5,,,,,,,,,MOUNTAIN,ROAD,RD,,,26412,,212,195,195,2015-01-21,-73.4636291886226,42.115390769119934,934300
M_37408_873535,37408.13120000,873534.68440000,BC,675507,116,WEST STREET,,,,,,,,01258,,MOUNT WASHINGTON,MOUNT WASHINGTON,MA,,116,116,,,,,,,,,WEST,STREET,ST,,,26422,,212,195,195,2015-01-20,-73.46564432839754,42.09536140711897,934300
M_38585_874032,38584.54240000,874031.97620000,PC,675536,1,PLANTAIN POND ROAD,,,,,,,,01258,,MOUNT WASHINGTON,MOUNT WASHINGTON,MA,,1,1,,,,,,,,,PLANTAIN POND,ROAD,RD,,,26418,,212,195,195,2015-01-21,-73.45156468818404,42.10008063721535,934300
M_38324_875883,38323.77020000,875883.43180000,BC,675642,76,EAST STREET,,,,,,,,01258,,MOUNT WASHINGTON,MOUNT WASHINGTON,MA,,76,76,,,,,,,,,EAST,STREET,ST,,,26402,,212,195,195,2015-01-20,-73.45522943616075,42.116691532037905,934300
M_37972_871657,37972.36380000,871656.50720000,BC,4189539,9,GARRETT FARMS ROAD,,,,,,,,01258,,MOUNT WASHINGTON,MOUNT WASHINGTON,MA,,9,9,,,,,,,,,GARRETT FARMS,ROAD,RD,,,26406,,212,195,195,2015-01-21,-73.45830425888238,42.07857305722531,934300
M_36585_875965,36584.69760000,875965.05160000,BC,675615,52,WEST STREET,,,,,,,,01258,,MOUNT WASHINGTON,MOUNT WASHINGTON,MA,,52,52,,,,,,,,,WEST,STREET,ST,,,26422,,212,195,195,2015-01-20,-73.47627626853226,42.117065367751,934300
M_37463_876871,37463.43100000,876870.90740000,BC,4189520,41,EAST STREET,,,,,,,,01258,,MOUNT WASHINGTON,MOUNT WASHINGTON,MA,,41,41,,,,,,,,,EAST,STREET,ST,,,26402,,212,195,195,2015-01-21,-73.4659054547993,42.12540158426842,934300
M_37366_873755,37366.49840000,873754.61800000,BC,675564,112,WEST STREET,,,,,,,,01258,,MOUNT WASHINGTON,MOUNT WASHINGTON,MA,,112,112,,,,,,,,,WEST,STREET,ST,,,26422,,212,195,195,2015-01-20,-73.46620874771044,42.09733235288337,934300
M_37584_873171,37584.45760000,873170.55380000,BMP,675599,63,WEST STREET,,,,,,,,01258,,MOUNT WASHINGTON,MOUNT WASHINGTON,MA,,63,63,,,,,,,,,WEST,STREET,ST,,,26422,,212,195,195,2015-01-21,-73.46341208071615,42.09212048833581,934300
M_36570_874468,36570.21300000,874467.95600000,BMP,4189527,73,CLUB GROUNDS ROAD,,,,,,,,01258,,MOUNT WASHINGTON,MOUNT WASHINGTON,MA,,73,73,,,,,,,,,CLUB GROUNDS,ROAD,RD,,,183003,,212,195,195,2015-01-20,-73.47603201173177,42.10358731377463,934300
M_36570_874468,36570.21300000,874467.95600000,BMP,4189528,75,CLUB GROUNDS ROAD,,,,,,,,01258,,MOUNT WASHINGTON,MOUNT WASHINGTON,MA,,75,75,,,,,,,,,CLUB GROUNDS,ROAD,RD,,,183003,,212,195,195,2015-01-20,-73.47603201173177,42.10358731377463,934300
M_36570_874468,36570.21300000,874467.95600000,BMP,4189529,77,CLUB GROUNDS ROAD,,,,,,,,01258,,MOUNT WASHINGTON,MOUNT WASHINGTON,MA,,77,77,,,,,,,,,CLUB GROUNDS,ROAD,RD,,,183003,,212,195,195,2015-01-20,-73.47603201173177,42.10358731377463,934300
M_36447_879774,36446.81520000,879774.12720000,BC,675525,5,EAST STREET,,,,,,,,01258,,MOUNT WASHINGTON,MOUNT WASHINGTON,MA,,5,5,,,,,,,,,EAST,STREET,ST,,,26402,,212,195,195,2015-01-20,-73.47901176548014,42.15132111388018,934300
M_37729_872623,37729.18920000,872622.62000000,BC,675493,165,EAST STREET,,,,,,,,01258,,MOUNT WASHINGTON,MOUNT WASHINGTON,MA,,165,165,,,,,,,,,EAST,STREET,ST,,,26402,,212,195,195,2015-01-21,-73.46151076461639,42.08721859950232,934300
M_37763_876652,37763.13000000,876652.49280000,BC,675638,52,EAST STREET,,,,,,,,01258,,MOUNT WASHINGTON,MOUNT WASHINGTON,MA,,52,52,,,,,,,,,EAST,STREET,ST,,,26402,,212,195,195,2015-01-21,-73.4622210655799,42.123497804973766,934300
M_37349_871764,37348.84440000,871763.90220000,BMP,675515,171,EAST STREET,,,,,,,,01258,,MOUNT WASHINGTON,MOUNT WASHINGTON,MA,,171,171,,,,,,,,,EAST,STREET,ST,,,26402,,212,195,195,2015-01-21,-73.4658675087707,42.079410582493125,934300
M_37571_876888,37571.26400000,876888.33640000,BMP,675593,40,EAST STREET,,,,,,,,01258,,MOUNT WASHINGTON,MOUNT WASHINGTON,MA,,40,40,,,,,,,,,EAST,STREET,ST,,,26402,,212,195,195,2013-12-10,-73.46460651363594,42.12558082560322,934300
M_38010_873036,38010.12880000,873035.89060000,BC,675581,159,EAST STREET,,,,,,,,01258,,MOUNT WASHINGTON,MOUNT WASHINGTON,MA,,159,159,,,,,,,,,EAST,STREET,ST,,,26402,,212,195,195,2015-01-21,-73.4582306617522,42.090996499139095,934300
M_38474_873530,38473.97900000,873529.89020000,BMP,675664,130,EAST STREET,,,,,,,,01258,,MOUNT WASHINGTON,MOUNT WASHINGTON,MA,,130,130,,,,,,,,,EAST,STREET,ST,,,26402,,212,195,195,2015-01-21,-73.45276201759603,42.09553865220428,934300
M_36730_876471,36730.29200000,876471.44020000,BMP,675538,11,WEST STREET,,,,,,,,01258,,MOUNT WASHINGTON,MOUNT WASHINGTON,MA,,11,11,,,,,,,,,WEST,STREET,ST,,,26422,,212,195,195,2015-01-20,-73.47465789051942,42.12165361239317,934300
M_38474_873530,38473.97900000,873529.89020000,BMP,675625,130-132,EAST STREET,,,,,,,,01258,,MOUNT WASHINGTON,MOUNT WASHINGTON,MA,,130,130,,,132,132,,,,,EAST,STREET,ST,,,26402,,212,195,195,2015-01-21,-73.45276201759603,42.09553865220428,934300
M_37143_874810,37143.45620000,874809.97760000,BMP,675636,47,WEST STREET,,,,,,,,01258,,MOUNT WASHINGTON,MOUNT WASHINGTON,MA,,47,47,,,,,,,,,WEST,STREET,ST,,,26422,,212,195,195,2015-01-20,-73.46919884163019,42.106785128217595,934300
M_38780_872732,38780.10120000,872731.87240000,BMP,675518,27,PLANTAIN POND ROAD,,,,,,,,01258,,MOUNT WASHINGTON,MOUNT WASHINGTON,MA,,27,27,,,,,,,,,PLANTAIN POND,ROAD,RD,,,26418,,212,195,195,2015-01-21,-73.44884206545913,42.08841882760995,934300
M_38474_873530,38473.97900000,873529.89020000,BMP,675650,132,EAST STREET,,,,,,,,01258,,MOUNT WASHINGTON,MOUNT WASHINGTON,MA,,132,132,,,,,,,,,EAST,STREET,ST,,,26402,,212,195,195,2015-01-21,-73.45276201759603,42.09553865220428,934300
M_37683_874017,37683.43920000,874016.64620000,BMP,675583,13,CROSS ROAD,,,,,,,,01258,,MOUNT WASHINGTON,MOUNT WASHINGTON,MA,,13,13,,,,,,,,,CROSS,ROAD,RD,,,26401,,212,195,195,2015-10-26,-73.46245121788091,42.09975653224441,934300
M_37368_875528,37368.04720000,875528.27240000,BC,4189545,9,MOUNTAIN ROAD,,,,,,,,01258,,MOUNT WASHINGTON,MOUNT WASHINGTON,MA,,9,9,,,,,,,,,MOUNTAIN,ROAD,RD,,,26412,,212,195,195,2015-01-21,-73.46668436034594,42.11329700679193,934300
M_38630_873971,38629.71460000,873971.35660000,BC,675613,3,PLANTAIN POND ROAD,,,,,,,,01258,,MOUNT WASHINGTON,MOUNT WASHINGTON,MA,,3,3,,,,,,,,,PLANTAIN POND,ROAD,RD,,,26418,,212,195,195,2015-01-21,-73.45100197112636,42.099544311824545,934300
M_38638_873290,38637.81100000,873290.07620000,BMP,675557,8,PLANTAIN POND ROAD,,,,,,,,01258,,MOUNT WASHINGTON,MOUNT WASHINGTON,MA,,8,8,,,,,,,,,PLANTAIN POND,ROAD,RD,,,26418,,212,195,195,2013-12-10,-73.45071577498256,42.09341386746467,934300
M_38389_873349,38388.52260000,873348.88100000,BMP,675626,136,EAST STREET,,,,,,,,01258,,MOUNT WASHINGTON,MOUNT WASHINGTON,MA,,136,136,,,,,,,,,EAST,STREET,ST,,,26402,,212,195,195,2015-01-21,-73.45374466257684,42.09389179676807,934300
M_36745_875111,36745.22580000,875111.05640000,BC,675659,66,WEST STREET,,,,,,,,01258,,MOUNT WASHINGTON,MOUNT WASHINGTON,MA,,66,66,,,,,,,,,WEST,STREET,ST,,,26422,,212,195,195,2015-01-20,-73.4740966152747,42.1094122082001,934300
M_37388_869903,37388.05560000,869902.64520000,BC,675517,188,EAST STREET,,,,,,,,01258,,MOUNT WASHINGTON,MOUNT WASHINGTON,MA,,188,188,,,,,,,,,EAST,STREET,ST,,,26402,,212,195,195,2015-01-21,-73.46487563103688,42.0626658033386,934300
M_38210_873175,38210.09380000,873175.21560000,BMP,675629,155,EAST STREET,,,,,,,,01258,,MOUNT WASHINGTON,MOUNT WASHINGTON,MA,,155,155,,,,,,,,,EAST,STREET,ST,,,26402,,212,195,195,2015-01-21,-73.45585282596936,42.092291846480855,934300
M_38277_873382,38276.92200000,873381.70400000,BMP,675542,151,EAST STREET,,,,,,,,01258,,MOUNT WASHINGTON,MOUNT WASHINGTON,MA,,151,151,,,,,,,,,EAST,STREET,ST,,,26402,,212,195,195,2015-01-21,-73.45510243978384,42.094164211323324,934300
M_37285_871714,37285.06280000,871714.32360000,BMP,675547,173,EAST STREET,,,,,,,,01258,,MOUNT WASHINGTON,MOUNT WASHINGTON,MA,,173,173,,,,,,,,,EAST,STREET,ST,,,26402,,212,195,195,2015-01-21,-73.46662431220054,42.078951096833094,934300
M_36946_874511,36945.57600000,874510.86960000,BC,675532,92,WEST STREET,,,,,,,,01258,,MOUNT WASHINGTON,MOUNT WASHINGTON,MA,,92,92,,,,,,,,,WEST,STREET,ST,,,26422,,212,195,195,2015-01-20,-73.47150710103169,42.10405176517073,934300
M_38097_874170,38097.49740000,874169.96380000,BC,675570,5,CROSS ROAD,,,,,,,,01258,,MOUNT WASHINGTON,MOUNT WASHINGTON,MA,,5,5,,,,,,,,,CROSS,ROAD,RD,,,26401,,212,195,195,2013-12-10,-73.45748943439605,42.101222171522686,934300
M_38751_873247,38750.73880000,873246.63640000,BC,675486,10,PLANTAIN POND ROAD,,,,,,,,01258,,MOUNT WASHINGTON,MOUNT WASHINGTON,MA,,10,10,,,,,,,,,PLANTAIN POND,ROAD,RD,,,26418,,212,195,195,2013-12-10,-73.44933906099727,42.093046113486785,934300
M_36505_877417,36504.95060000,877416.92540000,BC,675519,30,WEST STREET,,,,,,,,01258,,MOUNT WASHINGTON,MOUNT WASHINGTON,MA,,30,30,,,,,,,,,WEST,STREET,ST,,,26422,,212,195,195,2013-12-10,-73.47764737963573,42.130116700755586,934300
M_36632_875777,36632.18320000,875776.84240000,BC,4189522,54,WEST STREET,,,,,,,,01258,,MOUNT WASHINGTON,MOUNT WASHINGTON,MA,,54,54,,,,,,,,,WEST,STREET,ST,,,26422,,212,195,195,2015-01-20,-73.47564949221011,42.11538124199947,934300
M_37879_876354,37879.44700000,876354.40140000,BC,675554,56,EAST STREET,,,,,,,,01258,,MOUNT WASHINGTON,MOUNT WASHINGTON,MA,,56,56,,,,,,,,,EAST,STREET,ST,,,26402,,212,195,195,2015-01-20,-73.46073186847241,42.120838822923986,934300
M_37869_873754,37869.06480000,873753.63280000,BMP,675551,4,CROSS ROAD,,,,,,,,01258,,MOUNT WASHINGTON,MOUNT WASHINGTON,MA,,4,4,,,,,,,,,CROSS,ROAD,RD,,,26401,,212,195,195,2015-01-21,-73.46013468206948,42.097427616814834,934300
M_37405_870444,37404.72660000,870443.54280000,BC,675549,184,EAST STREET,,,,,,,,01258,,MOUNT WASHINGTON,MOUNT WASHINGTON,MA,,184,184,,,,,,,,,EAST,STREET,ST,,,26402,,212,195,195,2015-01-21,-73.4648247904891,42.067537808450126,934300
M_38392_875485,38392.10660000,875484.57000000,BMP,675504,97,EAST STREET,,,,,,,,01258,,MOUNT WASHINGTON,MOUNT WASHINGTON,MA,,97,97,,,,,,,,,EAST,STREET,ST,,,26402,,212,195,195,2015-01-21,-73.4542928009076,42.113115543709704,934300
M_35834_878204,35833.85440000,878204.30880000,BMP,675634,3,WEST STREET,,,,,,,,01258,,MOUNT WASHINGTON,MOUNT WASHINGTON,MA,,3,3,,,,,,,,,WEST,STREET,ST,,,26422,,212,195,195,2013-12-10,-73.48598379532527,42.137063361840234,934300
M_37308_868831,37308.04480000,868830.79780000,BC,675496,222,EAST STREET,,,,,,,,01258,,MOUNT WASHINGTON,MOUNT WASHINGTON,MA,,222,222,,,,,,,,,EAST,STREET,ST,,,26402,,212,195,195,2013-12-10,-73.46554368105639,42.05300164247633,934300
M_37915_871925,37915.20680000,871925.05620000,BMP,4189538,5,GARRETT FARMS ROAD,,,,,,,,01258,,MOUNT WASHINGTON,MOUNT WASHINGTON,MA,,5,5,,,,,,,,,GARRETT FARMS,ROAD,RD,,,26406,,212,195,195,2015-01-21,-73.45906936384587,42.08097841464452,934300
M_37917_872890,37917.24900000,872889.99300000,BMP,4189540,163,EAST STREET,,,,,,,,01258,,MOUNT WASHINGTON,MOUNT WASHINGTON,MA,,163,163,,,,,,,,,EAST,STREET,ST,,,26402,,212,195,195,2015-01-21,-73.45931254731836,42.089664094950784,934300
M_37453_873311,37452.55820000,873311.04980000,BC,675510,122,WEST STREET,,,,,,,,01258,,MOUNT WASHINGTON,MOUNT WASHINGTON,MA,,122,122,,,,,,,,,WEST,STREET,ST,,,26422,,212,195,195,2015-01-20,-73.46504514622623,42.093357725452044,934300
M_38486_873292,38486.47020000,873291.93620000,BC,675627,138,EAST STREET,,,,,,,,01258,,MOUNT WASHINGTON,MOUNT WASHINGTON,MA,,138,138,,,,,,,,,EAST,STREET,ST,,,26402,,212,195,195,2015-01-21,-73.45254521752788,42.09339943561997,934300
M_37555_872740,37555.40260000,872739.62840000,BMP,675651,134,WEST STREET,,,,,,,,01258,,MOUNT WASHINGTON,MOUNT WASHINGTON,MA,,134,134,,,,,,,,,WEST,STREET,ST,,,26422,,212,195,195,2015-01-20,-73.4636432906637,42.08823577639158,934300
M_36553_879899,36552.85660000,879898.89320000,BC,4189511,1,EAST STREET,,,,,,,,01258,,MOUNT WASHINGTON,MOUNT WASHINGTON,MA,,1,1,,,,,,,,,EAST,STREET,ST,,,26402,,212,195,195,2015-01-20,-73.47776411154511,42.15246623955811,934300
M_36922_875100,36921.93380000,875100.16820000,BMP,4189525,39,WEST STREET,,,,,,,,01258,,MOUNT WASHINGTON,MOUNT WASHINGTON,MA,,39,39,,,,,,,,,WEST,STREET,ST,,,26422,,212,195,195,2015-01-20,-73.4719575589958,42.10935100330921,934300
M_36332_874521,36331.56580000,874520.79520000,BC,4189530,79,CLUB GROUNDS ROAD,,,,,,,,01258,,MOUNT WASHINGTON,MOUNT WASHINGTON,MA,,79,79,,,,,,,,,CLUB GROUNDS,ROAD,RD,,,183003,,212,195,195,2015-01-20,-73.47893128385597,42.10401310031913,934300
M_38346_874032,38345.50520000,874032.22960000,BC,675633,28,CROSS ROAD,,,,,,,,01258,,MOUNT WASHINGTON,MOUNT WASHINGTON,MA,,28,28,,,,,,,,,CROSS,ROAD,RD,,,26401,,212,195,195,2013-12-10,-73.4544537841004,42.10003364598313,934300
M_38135_873048,38135.43120000,873048.06940000,BC,675544,157,EAST STREET,,,,,,,,01258,,MOUNT WASHINGTON,MOUNT WASHINGTON,MA,,157,157,,,,,,,,,EAST,STREET,ST,,,26402,,212,195,195,2015-01-21,-73.45671983960047,42.09113200604424,934300
M_37960_872844,37960.22080000,872843.64020000,BC,675608,148,EAST STREET,,,,,,,,01258,,MOUNT WASHINGTON,MOUNT WASHINGTON,MA,,148,148,,,,,,,,,EAST,STREET,ST,,,26402,,212,195,195,2015-01-21,-73.45878040651486,42.08925576530177,934300
M_35613_877977,35612.55360000,877976.80920000,PC,4189513,18,WEST STREET,,,,,,,,01258,,MOUNT WASHINGTON,MOUNT WASHINGTON,MA,,18,18,,,,,,,,,WEST,STREET,ST,,,26422,,212,195,195,2015-01-20,-73.48859583836118,42.13496928504592,934300
M_37614_876891,37613.94460000,876890.81500000,BC,675594,42,EAST STREET,,,,,,,,01258,,MOUNT WASHINGTON,MOUNT WASHINGTON,MA,,42,42,,,,,,,,,EAST,STREET,ST,,,26402,,212,195,195,2015-01-20,-73.46409115633203,42.12561198363224,934300
M_37437_873611,37437.18980000,873611.29440000,BMP,675500,59,WEST STREET,,,,,,,,01258,,MOUNT WASHINGTON,MOUNT WASHINGTON,MA,,59,59,,,,,,,,,WEST,STREET,ST,,,26422,,212,195,195,2015-11-16,-73.4653144868319,42.09605698858844,934300
M_37765_876756,37765.04440000,876756.28840000,BC,675596,48,EAST STREET,,,,,,,,01258,,MOUNT WASHINGTON,MOUNT WASHINGTON,MA,,48,48,,,,,,,,,EAST,STREET,ST,,,26402,,212,195,195,2015-01-20,-73.46222679442472,42.12443244475635,934300
M_38450_873998,38450.27920000,873998.39380000,BC,675508,118,EAST STREET,,,MT WASHINGTON TOWN HALL/POLICE DEPT/LIBRARY,,,,,01258,,MOUNT WASHINGTON,MOUNT WASHINGTON,MA,,118,118,,,,,,,,,EAST,STREET,ST,,,26402,,212,195,195,2015-01-21,-73.45317811040341,42.09975070066259,934300
M_37618_876743,37618.33060000,876743.37600000,BMP,675569,46,EAST STREET,,,,,,,,01258,,MOUNT WASHINGTON,MOUNT WASHINGTON,MA,,46,46,,,,,,,,,EAST,STREET,ST,,,26402,,212,195,195,2015-01-20,-73.46399707106576,42.124285824884346,934300
M_38220_876008,38219.99640000,876008.01420000,BMP,675641,72,EAST STREET,,,,,,,,01258,,MOUNT WASHINGTON,MOUNT WASHINGTON,MA,,72,72,,,,,,,,,EAST,STREET,ST,,,26402,,212,195,195,2015-01-20,-73.45651853640513,42.117791454297674,934300
M_37335_877079,37335.08760000,877078.77560000,BMP,675655,32,EAST STREET,,,,,,,,01258,,MOUNT WASHINGTON,MOUNT WASHINGTON,MA,,32,32,,,,,,,,,EAST,STREET,ST,,,26402,,212,195,195,2013-12-10,-73.46751522262544,42.12724592066702,934300
M_37701_875796,37701.39620000,875796.30660000,BC,4189544,3,MOUNTAIN ROAD,,,,,,,,01258,,MOUNT WASHINGTON,MOUNT WASHINGTON,MA,,3,3,,,,,,,,,MOUNTAIN,ROAD,RD,,,26412,,212,195,195,2015-01-21,-73.4627292156943,42.11577865410048,934300
M_37341_869793,37340.61140000,869792.90200000,BC,4189536,190,EAST STREET,,,,,,,,01258,,MOUNT WASHINGTON,MOUNT WASHINGTON,MA,,190,190,,,,,,,,,EAST,STREET,ST,,,26402,,212,195,195,2015-01-21,-73.46541815690588,42.06166817861447,934300
M_37918_872964,37918.39820000,872963.73120000,BC,675513,161,EAST STREET,,,,,,,,01258,,MOUNT WASHINGTON,MOUNT WASHINGTON,MA,,161,161,,,,,,,,,EAST,STREET,ST,,,26402,,212,195,195,2015-01-21,-73.4593191322397,42.09032803912284,934300
M_37187_870982,37187.14480000,870981.75520000,BC,675516,183,EAST STREET,,,,,,,,01258,,MOUNT WASHINGTON,MOUNT WASHINGTON,MA,,183,183,,,,,,,,,EAST,STREET,ST,,,26402,,212,195,195,2013-12-10,-73.46760315194511,42.072337029419735,934300
M_38216_874010,38216.09940000,874009.87360000,BMP,675612,3,CROSS ROAD,,,,,,,,01258,,MOUNT WASHINGTON,MOUNT WASHINGTON,MA,,3,3,,,,,,,,,CROSS,ROAD,RD,,,26401,,212,195,195,2015-01-21,-73.45601159552652,42.09980571862287,934300
M_38216_874010,38216.09940000,874009.87360000,BMP,675573,69,CROSS ROAD,,,,,,,,01258,,MOUNT WASHINGTON,MOUNT WASHINGTON,MA,,69,69,,,,,,,,,CROSS,ROAD,RD,,,26401,,212,195,195,2013-12-10,-73.45601159552652,42.09980571862287,934300
M_37534_876885,37534.40320000,876885.32780000,BMP,675592,38,EAST STREET,,,,,,,,01258,,MOUNT WASHINGTON,MOUNT WASHINGTON,MA,,38,38,,,,,,,,,EAST,STREET,ST,,,26402,,212,195,195,2015-01-20,-73.4650513561221,42.1255461018687,934300
M_37196_870202,37195.81780000,870202.30780000,PC,675603,203,EAST STREET,,,,,,,,01258,,MOUNT WASHINGTON,MOUNT WASHINGTON,MA,,203,203,,,,,,,,,EAST,STREET,ST,,,26402,,212,195,195,2013-12-10,-73.46728115714612,42.06532313561976,934300
M_37724_874560,37724.09340000,874559.52880000,BMP,675524,49,WEST STREET,,,,,,,,01258,,MOUNT WASHINGTON,MOUNT WASHINGTON,MA,,49,49,,,,,,,,,WEST,STREET,ST,,,26422,,212,195,195,2015-01-20,-73.46211083036563,42.104651344707236,934300
M_38512_875533,38512.35940000,875533.33920000,BC,675660,86,EAST STREET,,,,,,,,01258,,MOUNT WASHINGTON,MOUNT WASHINGTON,MA,,86,86,,,,,,,,,EAST,STREET,ST,,,26402,,212,195,195,2013-12-10,-73.45285261562556,42.11357930165315,934300
M_37397_871722,37397.44820000,871722.04620000,BC,4189548,170,EAST STREET,,,,,,,,01258,,MOUNT WASHINGTON,MOUNT WASHINGTON,MA,,170,170,,,,,,,,,EAST,STREET,ST,,,26402,,212,195,195,2015-01-21,-73.46526861764663,42.0790439259606,934300
M_36679_874869,36679.07480000,874869.36080000,BMP,4189526,71,CLUB GROUNDS ROAD,,,,,,,,01258,,MOUNT WASHINGTON,MOUNT WASHINGTON,MA,,71,71,,,,,,,,,CLUB GROUNDS,ROAD,RD,,,183003,,212,195,195,2015-01-20,-73.47482858131625,42.107222971600386,934300
M_37791_873987,37790.58400000,873986.99980000,BMP,675663,11,CROSS ROAD,,,,,,,,01258,,MOUNT WASHINGTON,MOUNT WASHINGTON,MA,,11,11,,,,,,,,,CROSS,ROAD,RD,,,26401,,212,195,195,2015-10-26,-73.46114802511842,42.09951187480921,934300
M_37405_874949,37404.78600000,874949.20680000,BC,675521,45,WEST STREET,,,,,,,,01258,,MOUNT WASHINGTON,MOUNT WASHINGTON,MA,,45,45,,,,,,,,,WEST,STREET,ST,,,26422,,212,195,195,2015-01-21,-73.46607886001912,42.10809257402742,934300
M_38455_874672,38455.20680000,874672.10620000,BMP,675582,121,EAST STREET,,,,,,,,01258,,MOUNT WASHINGTON,MOUNT WASHINGTON,MA,,121,121,,,,,,,,,EAST,STREET,ST,,,26402,,212,195,195,2015-01-20,-73.45330505387132,42.105815699984205,934300
M_37268_869059,37267.76260000,869058.77120000,BMP,675653,220,EAST STREET,,,,,,,,01258,,MOUNT WASHINGTON,MOUNT WASHINGTON,MA,,220,220,,,,,,,,,EAST,STREET,ST,,,26402,,212,195,195,2013-12-10,-73.46609364787929,42.05504524567565,934300
M_35562_878294,35561.67160000,878293.73020000,PC,675662,9,WEST STREET,,,,,,,,01258,,MOUNT WASHINGTON,MOUNT WASHINGTON,MA,,9,9,,,,,,,,,WEST,STREET,ST,,,26422,,212,195,195,2015-01-20,-73.48930053182843,42.1378111199905,934300
M_36854_875400,36854.39180000,875400.05860000,BC,675520,31,WEST STREET,,,,,,,,01258,,MOUNT WASHINGTON,MOUNT WASHINGTON,MA,,31,31,,,,,,,,,WEST,STREET,ST,,,26422,,212,195,195,2015-01-20,-73.47285785282936,42.11203619391449,934300
M_38716_874841,38715.53280000,874841.24060000,BC,675487,112,EAST STREET,,,,,,,,01258,,MOUNT WASHINGTON,MOUNT WASHINGTON,MA,,112,112,,,,,,,,,EAST,STREET,ST,,,26402,,212,195,195,2015-01-21,-73.45020519240353,42.10739167866111,934300
M_38137_872981,38136.52900000,872980.68500000,BMP,675584,146,EAST STREET,,,,,,,,01258,,MOUNT WASHINGTON,MOUNT WASHINGTON,MA,,146,146,,,,,,,,,EAST,STREET,ST,,,26402,,212,195,195,2015-01-21,-73.45668789009667,42.090525715483125,934300
M_37248_875458,37247.60840000,875458.29060000,BMP,675607,11,MOUNTAIN ROAD,,,,,,,,01258,,MOUNT WASHINGTON,MOUNT WASHINGTON,MA,,11,11,,,,,,,,,MOUNTAIN,ROAD,RD,,,26412,,212,195,195,2015-01-21,-73.46812076878885,42.112642105948524,934300
M_37138_875561,37138.32400000,875561.46740000,BMP,675630,165A,EAST STREET,,,,,,,,01258,,MOUNT WASHINGTON,MOUNT WASHINGTON,MA,,165,165,A,,,,,,,,EAST,STREET,ST,,,26402,,212,195,195,2015-01-21,-73.46947064987415,42.11354807094456,934300
M_37719_872895,37719.02820000,872894.55480000,BMP,675529,69,WEST STREET,,,,,,,,01258,,MOUNT WASHINGTON,MOUNT WASHINGTON,MA,,69,69,,,,,,,,,WEST,STREET,ST,,,26422,,212,195,195,2013-12-10,-73.46170913282745,42.0896641393649,934300
M_37556_875457,37556.02440000,875457.17940000,BC,675555,6,MOUNTAIN ROAD,,,,,,,,01258,,MOUNT WASHINGTON,MOUNT WASHINGTON,MA,,6,6,,,,,,,,,MOUNTAIN,ROAD,RD,,,26412,,212,195,195,2015-01-21,-73.46439218776419,42.11269610817521,934300
M_37138_875561,37138.32400000,875561.46740000,BMP,675514,162,EAST STREET,,,,,,,,01258,,MOUNT WASHINGTON,MOUNT WASHINGTON,MA,,162,162,,,,,,,,,EAST,STREET,ST,,,26402,,212,195,195,2015-11-16,-73.46947064987415,42.11354807094456,934300
M_38581_875410,38581.31340000,875409.87520000,BC,675503,90,EAST STREET,,,,,,,,01258,,MOUNT WASHINGTON,MOUNT WASHINGTON,MA,,90,90,,,,,,,,,EAST,STREET,ST,,,26402,,212,195,195,2013-12-10,-73.45198489158305,42.11248223124015,934300
M_38286_873735,38285.52400000,873734.64060000,BC,675628,147,EAST STREET,,,,,,,,01258,,MOUNT WASHINGTON,MOUNT WASHINGTON,MA,,147,147,,,,,,,,,EAST,STREET,ST,,,26402,,212,195,195,2015-01-21,-73.4550962666103,42.0973427169565,934300
M_37033_873362,37032.87240000,873362.23040000,BMP,675509,118,WEST STREET,,,,,,,,01258,,MOUNT WASHINGTON,MOUNT WASHINGTON,MA,,118,118,,,,,,,,,WEST,STREET,ST,,,26422,,212,195,195,2015-01-20,-73.47013123794765,42.093731238762786,934300
M_38286_873735,38285.52400000,873734.64060000,BC,675490,141,EAST STREET,,,,,,,,01258,,MOUNT WASHINGTON,MOUNT WASHINGTON,MA,,141,141,,,,,,,,,EAST,STREET,ST,,,26402,,212,195,195,2015-01-21,-73.4550962666103,42.0973427169565,934300
M_37009_874958,37008.56100000,874957.97620000,BMP,675595,43,WEST STREET,,,,,,,,01258,,MOUNT WASHINGTON,MOUNT WASHINGTON,MA,,43,43,,,,,,,,,WEST,STREET,ST,,,26422,,212,195,195,2015-01-20,-73.4708707046294,42.108089186428465,934300
M_36594_879796,36594.15900000,879796.37820000,BC,675654,3,EAST STREET,,,,,,,,01258,,MOUNT WASHINGTON,MOUNT WASHINGTON,MA,,3,3,,,,,,,,,EAST,STREET,ST,,,26402,,212,195,195,2015-01-20,-73.47723576807309,42.15155215073692,934300
M_37623_872658,37623.19020000,872657.68060000,BMP,675488,134B,WEST STREET,,,,,,,,01258,,MOUNT WASHINGTON,MOUNT WASHINGTON,MA,,134,134,B,,,,,,,,WEST,STREET,ST,,,26422,,212,195,195,2015-01-21,-73.46280136692468,42.087512222982355,934300
M_39065_872647,39064.61780000,872647.44960000,BC,675497,23,PLANTAIN POND ROAD,,,,,,,,01258,,MOUNT WASHINGTON,MOUNT WASHINGTON,MA,,23,23,,,,,,,,,PLANTAIN POND,ROAD,RD,,,26418,,212,195,195,2015-01-21,-73.44538072314243,42.0877174175098,934300
M_37958_876268,37958.13180000,876267.84020000,BMP,675572,58,EAST STREET,,,,,,,,01258,,MOUNT WASHINGTON,MOUNT WASHINGTON,MA,,58,58,,,,,,,,,EAST,STREET,ST,,,26402,,212,195,195,2013-12-10,-73.45975651799796,42.12007598124445,934300
M_36063_877653,36063.01600000,877653.06440000,BC,675656,4,WEST STREET,,,,,,,,01258,,MOUNT WASHINGTON,MOUNT WASHINGTON,MA,,4,4,,,,,,,,,WEST,STREET,ST,,,26422,,212,195,195,2015-01-20,-73.48305752331707,42.13214975819223,934300
M_36607_877009,36607.34340000,877009.41980000,BC,4189518,34,WEST STREET,,,,,,,,01258,,MOUNT WASHINGTON,MOUNT WASHINGTON,MA,,34,34,,,,,,,,,WEST,STREET,ST,,,26422,,212,195,195,2015-01-20,-73.47629508395347,42.126470206652606,934300
M_38276_877659,38276.47080000,877659.26600000,BMP,675635,36,EAST STREET,,,,,,,,01258,,MOUNT WASHINGTON,MOUNT WASHINGTON,MA,,36,36,,,,,,,,,EAST,STREET,ST,,,26402,,212,195,195,2015-01-21,-73.45629372418378,42.132665721033106,934300
M_37708_876282,37708.30940000,876282.49760000,BMP,675527,57,EAST STREET,,,,,,,,01258,,MOUNT WASHINGTON,MOUNT WASHINGTON,MA,,57,57,,,,,,,,,EAST,STREET,ST,,,26402,,212,195,195,2015-01-20,-73.46278091708983,42.1201561969058,934300
M_35556_878218,35556.26760000,878218.32840000,BC,675571,5,WEST STREET,,,,,,,,01258,,MOUNT WASHINGTON,MOUNT WASHINGTON,MA,,5,5,,,,,,,,,WEST,STREET,ST,,,26422,,212,195,195,2015-01-20,-73.48934461258136,42.137131315350814,934300
M_37708_876282,37708.30940000,876282.49760000,BMP,675499,59,EAST STREET,,,,,,,,01258,,MOUNT WASHINGTON,MOUNT WASHINGTON,MA,,59,59,,,,,,,,,EAST,STREET,ST,,,26402,,212,195,195,2015-01-20,-73.46278091708983,42.1201561969058,934300
M_38350_874148,38350.12880000,874147.65660000,BMP,675539,133,EAST STREET,,,,,,,,01258,,MOUNT WASHINGTON,MOUNT WASHINGTON,MA,,133,133,,,,,,,,,EAST,STREET,ST,,,26402,,212,195,195,2013-12-10,-73.45442987418912,42.10107354071412,934300
M_37542_874013,37541.52320000,874013.05200000,BC,675585,15,CROSS ROAD,,,,,,,,01258,,MOUNT WASHINGTON,MOUNT WASHINGTON,MA,,15,15,,,,,,,,,CROSS,ROAD,RD,,,26401,,212,195,195,2013-12-10,-73.46416541407073,42.0996947744943,934300
M_38268_873316,38267.73020000,873315.50240000,BMP,675587,153,EAST STREET,,,,,,,,01258,,MOUNT WASHINGTON,MOUNT WASHINGTON,MA,,153,153,,,,,,,,,EAST,STREET,ST,,,26402,,212,195,195,2015-01-21,-73.45519518016587,42.093566443511605,934300
M_38066_876126,38066.09900000,876126.45100000,BC,675556,60,EAST STREET,,,,,,,,01258,,MOUNT WASHINGTON,MOUNT WASHINGTON,MA,,60,60,,,,,,,,,EAST,STREET,ST,,,26402,,212,195,195,2015-01-20,-73.45841195237688,42.118825687674835,934300
M_35767_877436,35766.75140000,877436.26420000,PC,675605,10,WEST STREET,,,,,,,,01258,,MOUNT WASHINGTON,MOUNT WASHINGTON,MA,,10,10,,,,,,,,,WEST,STREET,ST,,,26422,,212,195,195,2013-12-10,-73.48657891371309,42.130136334982765,934300
